<?xml version="1.0" encoding="UTF-8"?>
<files psalm-version="4.x-dev@">
  <file src="src/Controller/MailPreviewController.php">
    <PossiblyInvalidArgument occurrences="1">
      <code>$partType</code>
    </PossiblyInvalidArgument>
  </file>
  <file src="src/Database/Log/DebugLog.php">
    <InternalProperty occurrences="1">
      <code>$query-&gt;query</code>
    </InternalProperty>
  </file>
  <file src="src/DebugInclude.php">
    <PossiblyNullArrayOffset occurrences="2">
      <code>$this-&gt;_composerPaths</code>
      <code>$this-&gt;_pluginPaths</code>
    </PossiblyNullArrayOffset>
  </file>
  <file src="src/DebugSql.php">
    <InternalMethod occurrences="1">
      <code>bindings</code>
    </InternalMethod>
  </file>
  <file src="src/DebugTimer.php">
    <PossiblyNullArrayOffset occurrences="1">
      <code>self::$_timers</code>
    </PossiblyNullArrayOffset>
  </file>
  <file src="src/Mailer/MailPreview.php">
    <PossiblyFalseOperand occurrences="1">
      <code>$pos</code>
    </PossiblyFalseOperand>
  </file>
  <file src="src/Mailer/Transport/DebugKitTransport.php">
    <InvalidReturnStatement occurrences="1">
      <code>$result</code>
    </InvalidReturnStatement>
    <MoreSpecificReturnType occurrences="1">
      <code>array</code>
    </MoreSpecificReturnType>
    <PropertyTypeCoercion occurrences="1">
      <code>new $className($config)</code>
    </PropertyTypeCoercion>
  </file>
  <file src="src/Middleware/DebugKitMiddleware.php">
    <ArgumentTypeCoercion occurrences="1">
      <code>$request</code>
    </ArgumentTypeCoercion>
  </file>
  <file src="src/Panel/DeprecationsPanel.php">
    <InvalidScalarArgument occurrences="4">
      <code>$pluginName</code>
      <code>$return['plugins']</code>
      <code>$return['vendor']</code>
      <code>$vendorName</code>
    </InvalidScalarArgument>
  </file>
  <file src="src/Panel/EnvironmentPanel.php">
    <PossiblyInvalidArgument occurrences="1">
      <code>$var['user']</code>
    </PossiblyInvalidArgument>
  </file>
  <file src="src/Panel/IncludePanel.php">
    <InvalidScalarArgument occurrences="4">
      <code>$pluginName</code>
      <code>$return['plugins']</code>
      <code>$return['vendor']</code>
      <code>$vendorName</code>
    </InvalidScalarArgument>
  </file>
  <file src="src/Panel/LogPanel.php">
    <UndefinedInterfaceMethod occurrences="1">
      <code>count</code>
    </UndefinedInterfaceMethod>
  </file>
  <file src="src/Panel/MailPanel.php">
    <ArgumentTypeCoercion occurrences="1">
      <code>$transport</code>
    </ArgumentTypeCoercion>
  </file>
  <file src="src/Panel/PanelRegistry.php">
    <ArgumentTypeCoercion occurrences="1">
      <code>$instance</code>
    </ArgumentTypeCoercion>
    <LessSpecificImplementedReturnType occurrences="1">
      <code>string|null</code>
    </LessSpecificImplementedReturnType>
    <LessSpecificReturnStatement occurrences="1">
      <code>$instance</code>
    </LessSpecificReturnStatement>
    <MoreSpecificImplementedParamType occurrences="1">
      <code>$class</code>
    </MoreSpecificImplementedParamType>
    <MoreSpecificReturnType occurrences="1">
      <code>\DebugKit\DebugPanel</code>
    </MoreSpecificReturnType>
  </file>
  <file src="src/Panel/SqlLogPanel.php">
    <TypeDoesNotContainType occurrences="1">
      <code>!$connection instanceof ConnectionInterface</code>
    </TypeDoesNotContainType>
    <UndefinedInterfaceMethod occurrences="1">
      <code>genericInstances</code>
    </UndefinedInterfaceMethod>
  </file>
  <file src="src/Plugin.php">
    <InvalidArgument occurrences="1"/>
  </file>
  <file src="src/ToolbarService.php">
    <InvalidScalarArgument occurrences="1">
      <code>$row-&gt;id</code>
    </InvalidScalarArgument>
  </file>
  <file src="src/View/Helper/ToolbarHelper.php">
    <DeprecatedMethod occurrences="1">
      <code>makeNeatArray</code>
    </DeprecatedMethod>
    <InternalClass occurrences="1">
      <code>new HtmlFormatter()</code>
    </InternalClass>
    <InternalMethod occurrences="1">
      <code>dump</code>
    </InternalMethod>
    <InvalidArgument occurrences="3">
      <code>$currentAncestors</code>
      <code>$value</code>
      <code>$values</code>
    </InvalidArgument>
  </file>
</files>
