<?xml version="1.0"?>
<psalm
    allowStringToStandInForClass="true"
    usePhpDocMethodsWithoutMagicCall="true"
    ignoreInternalFunctionFalseReturn="true"
    xmlns:xsi="http://www.w3.org/2001/XMLSchema-instance"
    xmlns="https://getpsalm.org/schema/config"
    xsi:schemaLocation="https://getpsalm.org/schema/config vendor/vimeo/psalm/config.xsd"
    errorBaseline="psalm-baseline.xml"
    autoloader="tests/bootstrap.php"
>
    <projectFiles>
        <directory name="src"/>
    </projectFiles>

    <issueHandlers>
        <RedundantConditionGivenDocblockType errorLevel="suppress"/>
        <TypeCoercion errorLevel="suppress"/>
        <DocblockTypeContradiction errorLevel="suppress"/>
        <MissingClosureParamType errorLevel="suppress"/>
        <MissingClosureReturnType errorLevel="suppress"/>
        <PropertyNotSetInConstructor errorLevel="suppress"/>
        <UnresolvableInclude errorLevel="suppress"/>
    </issueHandlers>
</psalm>
